,name,year,score,consensus,staring,director
0,Running Scared,1986,57%,"Running Scared struggles to strike a consistent balance between violent action and humor, but the chemistry between its well-matched leads keeps things entertaining.","Gregory Hines,Billy Crystal,Jimmy Smits,Steven Bauer",Peter Hyams
1,Equilibrium,2002,41%,Equilibrium is a reheated mishmash of other sci-fi movies.,"Christian Bale,Emily Watson,Taye Diggs,Angus Macfadyen",Kurt Wimmer
2,Hero,2004,94%,"With death-defying action sequences and epic historic sweep, Hero offers everything a martial arts fan could ask for.","Jet Li,Tony Leung Chiu Wai,Maggie Cheung,Daoming Chen",Zhang Yimou
3,Road House,1989,37%,Whether Road House is simply bad or so bad it's good depends largely on the audience's fondness for Swayze -- and tolerance for violently cheesy action.,"Patrick Swayze,Kelly Lynch,Sam Elliott,Ben Gazzara",Rowdy Herrington
4,Unstoppable,2010,87%,"As fast, loud, and relentless as the train at the center of the story, Unstoppable is perfect popcorn entertainment -- and director Tony Scott's best movie in years.","Denzel Washington,Chris Pine,Rosario Dawson,Ethan Suplee",Tony Scott
5,Shaft,1971,88%,"This is the man that would risk his neck for his brother, man. Can you dig it?","Richard Roundtree,Moses Gunn,Gwen Mitchell,Christopher St. John",Gordon Parks
6,The Villainess (Ak-Nyeo),2017,85%,The Villainess offers enough pure kinetic thrills to satisfy genre enthusiasts -- and carve out a bloody niche for itself in modern Korean action cinema.,"Ok-bin Kim,Kim Seo-hyeong,Shin Ha-kyun,Bang Sung-jun",Jung Byung-gil
7,Highlander,1986,69%,"People hate Highlander because it's cheesy, bombastic, and absurd. And people love it for the same reasons.","Christopher Lambert,Sean Connery,Roxanne Hart,Clancy Brown",Russell Mulcahy
8,Die Hard 2,1990,69%,"It lacks the fresh thrills of its predecessor, but Die Hard 2 still works as an over-the-top -- and reasonably taut -- big-budget sequel, with plenty of set pieces to paper over the plot deficiencies.","Bruce Willis,Bonnie Bedelia,William Atherton,Reginald VelJohnson",Renny Harlin
9,National Treasure,2004,46%,"National Treasure is no treasure, but it's a fun ride for those who can forgive its highly improbable plot.","Nicolas Cage,Diane Kruger,Justin Bartha,Sean Bean",Jon Turteltaub
10,The Protector (Tom yum goong) (Warrior King),2005,53%,"Despite some impressive fight scenes, this trimmed-down version of the Thai action pic is an off-putting mix of scant plot, choppy editing, and confusing subtitles and dubbing.","Tony Jaa,Petchtai Wongkamlao,Bongkoj Khongmalai,Bongkoo Kongmalai",Prachya Pinkaew
11,Revenge,2018,93%,"Revenge slices and dices genre tropes, working within an exploitation framework while adding a timely -- yet never less than viscerally thrilling -- feminist spin.","Matilda Anna Ingrid Lutz,Kevin Janssens,Vincent Colombe,Guillaume Bouchède",Coralie Fargeat
12,El Mariachi,1993,93%,"Made on a shoestring budget, El Mariachi's story is not new. However, the movie has so much energy that it's thoroughly enjoyable.","Carlos Gallardo,Consuelo Gómez,Reinol Martinez,Peter Marquardt",Robert Rodriguez
13,A Touch of Zen,1969,96%,"A brilliantly directed feast for the eyes with an epic story to match, A Touch of Zen marks a groundbreaking achievement in the wuxia genre.","Feng Hsu,Chun Shih,Pai Ying,Tien Peng",King Hu
14,Top Gun,1986,56%,"Though it features some of the most memorable and electrifying aereial footage shot with an expert eye for action, Top Gun offers too little for non-adolescent viewers to chew on when its characters aren't in the air.","Tom Cruise,Kelly McGillis,Anthony Edwards,Val Kilmer",Tony Scott
15,Con Air,1997,56%,"Con Air won't win any awards for believability - and all involved seem cheerfully aware of it, making some of this blockbuster action outing's biggest flaws fairly easy to forgive.","Nicolas Cage,John Cusack,John Malkovich,Steve Buscemi",Simon West
16,The Expendables 2,2012,67%,"Taut, violent, and suitably self-deprecating, The Expendables 2 gives classic action fans everything they can reasonably expect from a star-studded shoot-'em-up -- for better and for worse.","Sylvester Stallone,Jason Statham,Jet Li,Dolph Lundgren",Simon West
17,The Mummy,1999,61%,"It's difficult to make a persuasive argument for The Mummy as any kind of meaningful cinematic achievement, but it's undeniably fun to watch.","Brendan Fraser,Rachel Weisz,John Hannah,Arnold Vosloo",Stephen Sommers
18,Mr. & Mrs. Smith,2005,60%,"Although this action-romance suffers from weak writing and one too many explosions, the chemistry generated by onscreen couple Pitt and Jolie is palpable enough to make this a thoroughly enjoyable summer action flick.","Brad Pitt,Angelina Jolie,Vince Vaughn,Adam Brody",Doug Liman
19,Rush Hour,1998,61%,A kick-ass addition to the cop-buddy film genre.,"Jackie Chan,Chris Tucker,Elizabeth Peña,Tom Wilkinson",Brett Ratner
20,The Equalizer,2014,60%,"The Equalizer is more stylishly violent than meaningful, but with Antoine Fuqua behind the cameras and Denzel Washington dispensing justice, it delivers.","Denzel Washington,Marton Csokas,Chloë Grace Moretz ,David Harbour",Antoine Fuqua
21,Captain America: Civil War,2016,90%,Captain America: Civil War begins the next wave of Marvel movies with an action-packed superhero blockbuster boasting a decidedly non-cartoonish plot and the courage to explore thought-provoking themes.,"Chris Evans,Robert Downey Jr.,Scarlett Johansson,Sebastian Stan",Anthony Russo
22,Air Force One,1997,78%,"This late-period Harrison Ford actioner is full of palpable, if not entirely seamless, thrills.","Gary Oldman,Harrison Ford,Glenn Close,Wendy Crewson",Wolfgang Petersen
23,Bloodsport,1988,40%,"This is where it all began for the Muscles from Brussels, but beyond Van Damme's athleticism, Bloodsport is a cliched, virtually plotless exercise in action movie recycling.","Jean-Claude Van Damme,Leah Ayres,Donald Gibb,Norman Burton",Newt Arnold
24,Blade,1998,55%,"Though some may find the plot a bit lacking, Blade's action is fierce, plentiful, and appropriately stylish for a comic book adaptation.","Wesley Snipes,Stephen Dorff,Kris Kristofferson,N'Bushe Wright",Stephen Norrington
25,Bad Boys,1995,42%,"Bad Boys stars Will Smith and Martin Lawrence have enjoyable chemistry; unfortunately, director Michael Bay too often drowns it out with set pieces and explosions in place of an actual story.","Martin Lawrence,Will Smith,Téa Leoni,Tcheky Karyo",Michael Bay
26,Die Hard: With a Vengeance,1995,59%,"Die Hard with a Vengeance benefits from Bruce Willis and Samuel L. Jackson's barbed interplay, but clatters to a bombastic finish in a vain effort to cover for an overall lack of fresh ideas.","Bruce Willis,Jeremy Irons,Samuel L. Jackson,Graham Greene (II)",John McTiernan
27,The Running Man,1987,64%,The Running Man is winking sci-fi satire with ridiculous clothes and workmanlike direction.,"Arnold Schwarzenegger,Maria Conchita Alonso,Yaphet Kotto,Richard Dawson",Paul Michael Glaser
28,Code of Silence,1985,68%,No consensus yet.,"Chuck Norris,Henry Silva,Bert Remsen,Mike Genovese",Andrew Davis
29,Shoot 'Em Up,2007,67%,"As preposterous and over-the-top as Shoot 'Em Up may be, its humor and non-stop action make for a very enjoyable film.","Clive Owen,Paul Giamatti,Monica Bellucci,Stephen McHattie",Michael Davis
30,Crank,2006,61%,"Crank's assaultive style and gleeful depravity may turn off casual action fans, but audiences seeking a strong dose of adrenaline will be thrilled by Jason Statham's raucous race against mortality.","Jason Statham,Amy Smart,Efren Ramirez,Jose Pablo Cantillo",Mark Neveldine
31,Machete,2010,72%,"Machete is messy, violent, shallow, and tasteless -- and that's precisely the point of one of the summer's most cartoonishly enjoyable films.","Danny Trejo,Robert De Niro,Jessica Alba,Cheech Marin",Ethan Maniquis
32,Drive,2011,92%,"With its hyper-stylized blend of violence, music, and striking imagery, Drive represents a fully realized vision of arthouse action.","Ryan Gosling,Carey Mulligan,Albert Brooks,Bryan Cranston",Nicolas Winding Refn
33,Batman,1989,71%,"An eerie, haunting spectacle, Batman succeeds as dark entertainment, even if Jack Nicholson's Joker too often overshadows the title character.","Michael Keaton,Jack Nicholson,Kim Basinger,Robert Wuhl",Tim Burton
34,Under Siege,1992,79%,"A well-directed action thriller that makes the most of its confined setting, Under Siege marks a high point for early '90s action -- and its star's spotty filmography.","Steven Seagal,Tommy Lee Jones,Gary Busey,Erika Eleniak",Andrew Davis
35,Independence Day,1996,67%,"The plot is thin and so is character development, but as a thrilling, spectacle-filled summer movie, Independence Day delivers.","Will Smith,Bill Pullman,Jeff Goldblum,Mary McDonnell",Roland Emmerich
36,Bullitt,1968,98%,Steve McQueen is cool as ice in this thrilling police procedural that also happens to contain arguably the greatest movie car chase ever.,"Steve McQueen,Robert Vaughn,Jacqueline Bisset,Don Gordon",Peter Yates
37,Wanted,2008,71%,"Wanted is stylish, energetic popcorn fare with witty performances from Angelina Jolie (playing an expert assassin), James McAvoy, and Morgan Freeman that help to distract from its absurdly over-the-top plot.","James McAvoy,Morgan Freeman,Angelina Jolie,Terence Stamp",Timur Bekmambetov
38,Superman,1978,94%,"Superman deftly blends humor and gravitas, taking advantage of the perfectly cast Christopher Reeve to craft a loving, nostalgic tribute to an American pop culture icon.","Marlon Brando,Christopher Reeve,Gene Hackman,Ned Beatty",Richard Donner
39,Ronin,1998,68%,"Ronin earns comparisons to The French Connection with strong action, dynamic road chase scenes, and solid performances.","Robert De Niro,Jean Reno,Natascha McElhone,Stellan Skarsgård",John Frankenheimer
40,They Live,1988,86%,"A politically subversive blend of horror and sci fi, They Live is an underrated genre film from John Carpenter.","Roddy Piper,Keith David,Meg Foster,Peter Jason",John Carpenter
41,Cliffhanger,1993,69%,"While it can't escape comparisons to the movies it borrows from, Cliffhanger is a tense, action-packed thriller and a showcase for the talents that made Sylvester Stallone a star.","Sylvester Stallone,John Lithgow,Michael Rooker,Janine Turner",Renny Harlin
42,Marvel's The Avengers,2012,91%,"Thanks to a script that emphasizes its heroes' humanity and a wealth of superpowered set pieces, The Avengers lives up to its hype and raises the bar for Marvel at the movies.",,
43,Hot Fuzz,2007,91%,The brilliant minds behind Shaun of the Dead successfully take a shot at the buddy cop genre with Hot Fuzz. The result is a bitingly satiric and hugely entertaining parody.,"Simon Pegg,Nick Frost,Jim Broadbent,Steve Coogan",Edgar Wright
44,The Warriors,1979,88%,"As violent as it is stylish, The Warriors is a thrilling piece of pulp filmmaking.","Michael Beck,James Remar,Thomas G. Waites,Dorsey Wright",Walter Hill
45,Starship Troopers,1997,65%,A fun movie...if you can accept the excessive gore and wooden acting.,"Casper Van Dien,Dina Meyer,Denise Richards,Jake Busey",Paul Verhoeven
46,Elite Squad: The Enemy Within,2011,91%,"Elite Squad: The Enemy Within is a bleak, violent descent into the Brazilian underbelly, ripping into the favelas with unstoppable and kinetic force.","Wagner Moura,André Mattos,Sandro Rocha,Maria Ribeiro",José Padilha
47,Point Break,1991,70%,"Absurd, over-the-top, and often wildly entertaining, Point Break is here to show you that the human spirit is still alive.","Keanu Reeves,Patrick Swayze,Gary Busey,Lori Petty",Kathryn Bigelow
48,The Long Kiss Goodnight,1996,70%,"Smart, sharp-witted, and fueled by enjoyably over-the-top action, The Long Kiss Goodnight makes up in impact what it lacks in consistent aim.","Geena Davis,Samuel L. Jackson,Patrick Malahide,Craig Bierko",Renny Harlin
49,The Guest,2014,91%,"Boasting enough intelligence to bolster its darkly violent thrills, The Guest offers another treat for genre fans from director Adam Wingard.","Dan Stevens,Leland Orser,Lance Reddick,Sheila Kelley",Adam Wingard
50,Taken,2009,59%,"Taken is undeniably fun with slick action, but is largely a brainless exercise.","Liam Neeson,Maggie Grace,Famke Janssen,Xander Berkeley",Pierre Morel
51,300,2007,61%,"A simple-minded but visually exciting experience, full of blood, violence, and ready-made movie quotes.","Gerard Butler,Lena Headey,David Wenham,Rodrigo Santoro",Zack Snyder
52,True Lies,1994,71%,"If it doesn't reach the heights of director James Cameron's and star Arnold Schwarzenegger's previous collaborations, True Lies still packs enough action and humor into its sometimes absurd plot to entertain.","Arnold Schwarzenegger,Jamie Lee Curtis,Tom Arnold,Bill Paxton",James Cameron
53,Demolition Man,1993,60%,"A better-than-average sci-fi shoot-em-up with a satirical undercurrent, Demolition Man is bolstered by strong performances by Sylvester Stallone, Wesley Snipes, and Sandra Bullock.","Sylvester Stallone,Wesley Snipes,Sandra Bullock,Nigel Hawthorne",Marco Brambilla
54,Hardcore Henry,2016,52%,"Hardcore Henry seems poised to reinvent the action flick, but without a story or characters worth caring about, its first-person gimmick quickly loses its thrill.","Sharlto Copley,Danila Kozlovsky,Haley Bennett,Tim Roth",Ilya Naishuller
55,Police Story (Ging chaat goo si) (Police Force),1985,93%,"Blending brilliant physical comedy with thrillingly choreographed set pieces, Police Story makes a persuasive case for Jackie Chan as one of the all-time genre greats.","Jackie Chan,Brigitte Lin,Maggie Cheung,Cho Yuen",Jackie Chan
56,Brotherhood of the Wolf,2001,73%,"Brotherhood of the Wolf mixes its genres with little logic, but the end result is wildly entertaining.","Samuel Le Bihan,Vincent Cassel,Émilie Dequenne,Monica Bellucci",Christophe Gans
57,Kingsman: The Secret Service,2015,75%,"Stylish, subversive, and above all fun, Kingsman: The Secret Service finds director Matthew Vaughn sending up the spy genre with gleeful abandon.","Taron Egerton,Colin Firth,Mark Hamill,Samuel L. Jackson",Matthew Vaughn
58,The Fifth Element,1997,71%,"Visually inventive and gleefully over the top, Luc Besson's The Fifth Element is a fantastic piece of pop sci-fi that never takes itself too seriously.","Bruce Willis,Ian Holm,Gary Oldman,Chris Tucker",Luc Besson
59,Big Trouble in Little China,1986,78%,"Brimming with energy and packed with humor, Big Trouble in Little China distills kung fu B-movies as affectionately as it subverts them.","Kurt Russell,Kim Cattrall,Dennis Dun,James Hong",John Carpenter
60,Atomic Blonde,2017,78%,Atomic Blonde gets enough mileage out of its stylish action sequences -- and ever-magnetic star -- to make up for a narrative that's somewhat less hard-hitting than its protagonist.,"Charlize Theron,James McAvoy,John Goodman,Til Schweiger",David Leitch
61,Rumble in the Bronx,1995,80%,An entertaining Jackie Chan stunt-fest in which the impressive action sequences overcome the low production value and by-the-numbers plot.,"Jackie Chan,Anita Mui,Francoise Yip,Bill Tung",Stanley Tong
62,District B13 (Banlieue 13),2006,80%,"A nonstop thrill ride, District B13's dizzying action sequences more than make up for any expository flaws.","Cyril Raffaelli,David Belle,Tony D'Amario,Bibi Naceri",Pierre Morel
63,Beverly Hills Cop,1984,83%,"The buddy cop movie continues its evolution unabated with this Eddie Murphy vehicle that's fast, furious, and funny.","Eddie Murphy,Judge Reinhold,John Ashton,Lisa Eilbacher",Martin Brest
64,Ong-Bak (Ong Bak: Muay Thai Warrior),2005,85%,"While Ong-Bak: The Thai Warrior may be no great shakes as a movie, critics are hailing the emergence of a new star in Tony Jaa, whose athletic performance is drawing comparisons with Bruce Lee, Jackie Chan, and Jet Li.","Tony Jaa,Petchtai Wongkamlao,Petchthai Wongkamlao,Pumwaree Yodkamol",Prachya Pinkaew
65,Collateral,2004,86%,"Driven by director Michael Mann's trademark visuals and a lean, villainous performance from Tom Cruise, Collateral is a stylish and compelling noir thriller.","Tom Cruise,Jamie Foxx,Mark Ruffalo,Jada Pinkett Smith",Michael Mann
66,Iron Monkey,2001,91%,"Iron Monkey may not have the poetic lyricism of Crouching Tiger, it makes up for it in fun and energy.","Rongguang Yu,Donnie Yen,Jean Wang,Tsang Sze-Man",Woo-ping Yuen
67,Escape from New York,1981,86%,"Featuring an atmospherically grimy futuristic metropolis, Escape from New York is a strange, entertaining jumble of thrilling action and oddball weirdness.","Kurt Russell,Lee Van Cleef,Ernest Borgnine,Donald Pleasence",John Carpenter
68,Battle Royale,2000,88%,"Battle Royale is a controversial and violent parable of adolescence, heightening teenage melodrama with life-or-death stakes.","Aki Maeda,Ai Iwamura,Chiaki Kuriyama,Tatsuya Fujiwara",Kinji Fukasaku
69,Spider-Man 2,2004,93%,"Boasting an entertaining villain and deeper emotional focus, this is a nimble sequel that improves upon the original.","Tobey Maguire,Kirsten Dunst,James Franco,Alfred Molina",Sam Raimi
70,13 Assassins,2011,95%,"Takashi Miike's electric remake of Eiichi Kudo's 1963 period action film is a wild spectacle executed with killer, dizzying panache.","Koji Yakusho,Takayuki Yamada,Yusuke Iseya,Goro Inagaki",Takashi Miike
71,Full Contact,1992,88%,No consensus yet.,"Yun-Fat Chow,Simon Yam,Ann Bridgewater,Anthony Wong",Ringo Lam
72,Indiana Jones and the Last Crusade,1989,88%,"Lighter and more comedic than its predecessor, Indiana Jones and the Last Crusade returns the series to the brisk serial adventure of Raiders, while adding a dynamite double act between Harrison Ford and Sean Connery.","Harrison Ford,Sean Connery,Alison Doody,Denholm Elliott",Steven Spielberg
73,Kung Fu Hustle,2005,91%,"Kung Fu Hustle blends special effects, martial arts, and the Looney Toons to hilarious effect.","Stephen Chow,Wah Yuen,Shengyi Huang,Kwok-Kwan Chan",Stephen Chow
74,A Better Tomorrow,2010,93%,No consensus yet.,"Yun-Fat Chow,Leslie Cheung,Lung Ti,Young Pao I",Hae-sung Song
75,Iron Man,2008,94%,"Powered by Robert Downey Jr.'s vibrant charm, Iron Man turbo-charges the superhero genre with a deft intelligence and infectious sense of fun.","Robert Downey Jr.,Terrence Howard,Jeff Bridges,Gwyneth Paltrow",
76,The Night Comes For Us,2018,91%,"A bloody thrill ride designed to test the limits of more squeamish viewers, The Night Comes for Us wields a stylishly violent, action-packed punch.","Joe Taslim,Iko Uwais,Julie Estelle,Sunny Pang",Timo Tjahjanto
77,Logan,2017,93%,"Hugh Jackman makes the most of his final outing as Wolverine with a gritty, nuanced performance in a violent but surprisingly thoughtful superhero action film that defies genre conventions.","Hugh Jackman,Patrick Stewart,Boyd Holbrook,Stephen Merchant",James Mangold
78,Goldfinger,1964,99%,"Goldfinger is where James Bond as we know him comes into focus - it features one of 007's most famous lines (""A martini. Shaken, not stirred"") and a wide range of gadgets that would become the series' trademark.","Sean Connery,Gert Fröbe,Honor Blackman,Shirley Eaton",Guy Hamilton
79,Assault on Precinct 13,1976,98%,"Lean, taut and compellingly gritty, John Carpenter's loose update of Rio Bravo ranks as a cult action classic and one of the filmmaker's best.","Austin Stoker,Darwin Joston,Gilbert De la Pena,Laurie Zimmer",John Carpenter
80,Wonder Woman,2017,93%,"Thrilling, earnest, and buoyed by Gal Gadot's charismatic performance, Wonder Woman succeeds in spectacular fashion.","Gal Gadot,Chris Pine,Connie Nielsen,Robin Wright",Patty Jenkins
81,Fist of Fury (Jing wu men),1972,83%,No consensus yet.,"Bruce Lee,Miao Ker Hsiu,James Tien,Robert Baker",
82,Captain America: The Winter Soldier,2014,90%,"Suspenseful and politically astute, Captain America: The Winter Soldier is a superior entry in the Avengers canon and is sure to thrill Marvel diehards.","Chris Evans,Samuel L. Jackson,Scarlett Johansson,Anthony Mackie",Joe Russo
83,Oldboy,2005,81%,"Violent and definitely not for the squeamish, Park Chan-Wook's visceral Oldboy is a strange, powerful tale of revenge.","Choi Min-sik,Gang Hye-jeong,Yoo Ji-tae,Gang Hye-jung",Park Chan-wook
84,The French Connection,1971,98%,"Realistic, fast-paced and uncommonly smart, The French Connection is bolstered by stellar performances by Gene Hackman and Roy Scheider, not to mention William Friedkin's thrilling production.","Gene Hackman,Fernando Rey,Roy Scheider,Marcel Bozzuffi",William Friedkin
85,Furious 7,2015,82%,"Serving up a fresh round of over-the-top thrills while adding unexpected dramatic heft, Furious 7 keeps the franchise moving in more ways than one.","Vin Diesel,Paul Walker,Jason Statham,Dwayne Johnson",James Wan
86,La Femme Nikita (Nikita),1990,89%,A zany out-of-control thriller that gives lead Anne Parillaud a big character arc and plenty of emotional room to work within.,"Tcheky Karyo,Anne Parillaud,Jeanne Moreau,Jean Reno",Luc Besson
87,Supercop,1996,96%,"Blending hand-to-hand combat with breathtaking stunts and slapstick comedy, Supercop reminds us why Jackie Chan is one of the world's great entertainers.","Jackie Chan,Maggie Cheung,Kenneth Tsang Kong,Wah Yuen",Stanley Tong
88,Dirty Harry,1971,89%,"As tough and taciturn as its no-nonsense hero, Dirty Harry delivers a deceptively layered message without sacrificing an ounce of its solid action impact.","Clint Eastwood,Andrew Robinson,Harry Guardino,John Mitchum",Don Siegel
89,Live Die Repeat: Edge of Tomorrow,2014,91%,"Gripping, well-acted, funny, and clever, Edge of Tomorrow offers entertaining proof that Tom Cruise is still more than capable of shouldering the weight of a blockbuster action thriller.","Tom Cruise,Emily Blunt,Bill Paxton,Jonas Armstrong",Doug Liman
90,X2: X-Men United,2003,85%,"Tightly scripted, solidly acted, and impressively ambitious, X2: X-Men United is bigger and better than its predecessor -- and a benchmark for comic sequels in general.","Hugh Jackman,Ian McKellen,Halle Berry,Famke Janssen",Bryan Singer
91,The Fugitive,1993,96%,"Exhilarating and intense, this high-impact chase thriller is a model of taut and efficient formula filmmaking, and it features Harrison Ford at his frantic best.","Harrison Ford,Tommy Lee Jones,Sela Ward,Julianne Moore",Andrew Davis
92,Black Panther,2018,96%,Black Panther elevates superhero cinema to thrilling new heights while telling one of the MCU's most absorbing stories -- and introducing some of its most fully realized characters.,"Chadwick Boseman,Michael B. Jordan,Lupita Nyong'o,Danai Gurira",Ryan Coogler
93,Inception,2010,87%,"Smart, innovative, and thrilling, Inception is that rare summer blockbuster that succeeds viscerally as well as intellectually.","Leonardo DiCaprio,Ken Watanabe,Joseph Gordon-Levitt,Marion Cotillard",Christopher Nolan
94,Braveheart,1995,78%,"Distractingly violent and historically dodgy, Mel Gibson's Braveheart justifies its epic length by delivering enough sweeping action, drama, and romance to match its ambition.","Mel Gibson,Sophie Marceau,Patrick McGoohan,Catherine McCormack",Mel Gibson
95,Minority Report,2002,90%,"Thought-provoking and visceral, Steven Spielberg successfully combines high concept ideas and high octane action in this fast and febrile sci-fi thriller.","Tom Cruise,Colin Farrell,Samantha Morton,Max von Sydow",Steven Spielberg
96,Avengers: Endgame,2019,94%,"Exciting, entertaining, and emotionally impactful, Avengers: Endgame does whatever it takes to deliver a satisfying finale to Marvel's epic Infinity Saga.","Robert Downey Jr.,Mark Ruffalo,Scarlett Johansson,Chris Evans",Anthony Russo
97,Dredd,2012,79%,"Fueled by bombastic violence and impressive special effects, rooted in self-satire and deadpan humor, Dredd 3D does a remarkable job of capturing its source material's gritty spirit.","Karl Urban,Olivia Thirlby,Wood Harris,Lena Headey",Pete Travis
98,The Bourne Identity,2002,83%,"Expertly blending genre formula with bursts of unexpected wit, The Bourne Identity is an action thriller that delivers -- and then some.","Matt Damon,Franka Potente,Chris Cooper,Clive Owen",Doug Liman
99,Ip Man,2010,86%,"At once beholden to the established conventions of the genre and delightfully subversive of them, Ip Man is one of the most exciting -- and refreshingly character-driven -- martial arts films in years.","Donnie Yen,Hiroyuki Ikeuchi,Simon Yam,Xiong Dailin",Wilson Yip
100,Face/Off,1997,92%,"John Travolta and Nicolas Cage play cat-and-mouse (and literally play each other) against a beautifully stylized backdrop of typically elegant, over-the-top John Woo violence.","John Travolta,Nicolas Cage,Joan Allen,Alessandro Nivola",John Woo
101,To Live and Die in L.A.,1985,91%,"With coke fiends, car chases, and Wang Chung galore, To Live and Die in L.A. is perhaps the ultimate '80s action/thriller.","William L. Petersen,Willem Dafoe,John Pankow,Debra Feuer",William Friedkin
102,The Dark Knight,2008,94%,"Dark, complex, and unforgettable, The Dark Knight succeeds not just as an entertaining comic book film, but as a richly thrilling crime saga.","Christian Bale,Heath Ledger,Aaron Eckhart,Maggie Gyllenhaal",Christopher Nolan
103,Mission: Impossible Ghost Protocol,2011,93%,"Stylish, fast-paced, and loaded with gripping set pieces, the fourth Mission: Impossible is big-budget popcorn entertainment that really works.","Tom Cruise,Jeremy Renner,Simon Pegg,Paula Patton",Brad Bird
104,Fast Five,2011,77%,"Sleek, loud, and over the top, Fast Five proudly embraces its brainless action thrills and injects new life into the franchise.","Vin Diesel,Paul Walker,Jordana Brewster,Dwayne Johnson",Justin Lin
105,Lethal Weapon,1987,80%,"The most successful installment in a phenomenally successful series, Lethal Weapon helped redefine action movies for the 1980s and 1990s.","Mel Gibson,Danny Glover,Gary Busey,Darlene Love",Richard Donner
106,The Rock,1996,66%,"For visceral thrills, it can't be beat. Just don't expect The Rock to engage your brain.","Sean Connery,Nicolas Cage,Ed Harris,Michael Biehn",Michael Bay
107,RoboCop,1987,90%,"While over-the-top and gory, Robocop is also a surprisingly smart sci-fi flick that uses ultraviolence to disguise its satire of American culture.","Peter Weller,Nancy Allen,Ronny Cox,Kurtwood Smith",Paul Verhoeven
108,John Wick: Chapter 2,2017,89%,"John Wick: Chapter 2 does what a sequel should -- which in this case means doubling down on the non-stop, thrillingly choreographed action that made its predecessor so much fun.","Keanu Reeves,John Leguizamo,Bridget Moynahan,Thomas Sadoski",Chad Stahelski
109,Casino Royale,2006,94%,"Casino Royale disposes of the silliness and gadgetry that plagued recent James Bond outings, and Daniel Craig delivers what fans and critics have been waiting for: a caustic, haunted, intense reinvention of 007.","Daniel Craig,Eva Green,Mads Mikkelsen,Judi Dench",Martin Campbell
110,Baby Driver,2017,92%,"Stylish, exciting, and fueled by a killer soundtrack, Baby Driver hits the road and it's gone -- proving fast-paced action movies can be smartly written without sacrificing thrills.","Ansel Elgort,Kevin Spacey,Lily James,Jon Bernthal",Edgar Wright
111,Fist of Legend (Jing wu ying xiong),1994,100%,No consensus yet.,"Jet Li,Paul Chiang,Yasuaki Kurata,Shinobu Nakayama (II)",Gordon Chan
112,The Killer,1989,98%,The Killer is another hard-boiled action flick from John Woo featuring eye-popping balletic violence and philosophical underpinnings.,"Yun-Fat Chow,Sally Yeh,Danny Lee,Kenneth Tsang",John Woo
113,The Raid 2,2014,82%,"Although its high-energy plot and over-the-top violence may play better with genre aficionados, The Raid 2 definitely delivers more of everything audiences loved about its predecessor.","Iko Uwais,Yahan Ruhian,Arifin Putra,Oka Antara",Gareth Evans
114,Enter the Dragon,1973,95%,"Badass to the max, Enter the Dragon is the ultimate kung-fu movie and fitting (if untimely) Bruce Lee swan song.","Bruce Lee,John Saxon,Jim Kelly,Shih Kien",Robert Clouse
115,Commando,1985,71%,"The ultimate '80s Schwarzenegger movie, replete with a threadbare plot, outsized action, and endless one-liners.","Arnold Schwarzenegger,Alyssa Milano,Rae Dawn Chong,Dan Hedaya",Mark L. Lester
116,First Blood,1982,85%,"Much darker and more sensitive than the sequels it spawned, First Blood is a thrilling survival adventure that takes full advantage of Sylvester Stallone's acting skills.","Sylvester Stallone,Richard Crenna,Brian Dennehy,David Caruso",Ted Kotcheff
117,Mission: Impossible Rogue Nation,2015,94%,Mission: Impossible Rogue Nation continues the franchise's thrilling resurgence -- and proves that Tom Cruise remains an action star without equal.,"Tom Cruise,Jeremy Renner,Ving Rhames,Simon Pegg",Christopher McQuarrie
118,The Terminator,1984,100%,"With its impressive action sequences, taut economic direction, and relentlessly fast pace, it's clear why The Terminator continues to be an influence on sci-fi and action flicks.","Arnold Schwarzenegger,Linda Hamilton,Michael Biehn,Paul Winfield",James Cameron
119,Gladiator,2000,77%,Ridley Scott and an excellent cast successfully convey the intensity of Roman gladitorial combat as well as the political intrigue brewing beneath.,"Russell Crowe,Joaquin Phoenix,Connie Nielsen,Oliver Reed",Ridley Scott
120,Kill Bill: Volume 1,2003,85%,Kill Bill is admittedly little more than a stylish revenge thriller -- albeit one that benefits from a wildly inventive surfeit of style.,"Uma Thurman,Lucy Liu,Vivica A. Fox,David Carradine",Quentin Tarantino
121,Léon: The Professional,1994,74%,Pivoting on the unusual relationship between seasoned hitman and his 12-year-old apprentice -- a breakout turn by young Natalie Portman -- Luc Besson's Léon is a stylish and oddly affecting thriller.,"Jean Reno,Gary Oldman,Natalie Portman,Danny Aiello",Luc Besson
122,Speed,1994,94%,"A terrific popcorn thriller, Speed is taut, tense, and energetic, with outstanding performances from Keanu Reeves, Dennis Hopper, and Sandra Bullock.","Keanu Reeves,Dennis Hopper,Sandra Bullock,Joe Morton",Jan de Bont
123,The Legend of Drunken Master (Jui kuen II) (Drunken Fist II),1994,83%,Jackie Chan sends up some amazing and entertaining fight sequences in The Legend of Drunken Master.,"Jackie Chan,Siu Tin Yuen,Jang Lee Hwang,Kau Lam",Lau Kar-Leung
124,John Wick,2014,86%,"Stylish, thrilling, and giddily kinetic, John Wick serves as a satisfying return to action for Keanu Reeves -- and what looks like it could be the first of a franchise.","Keanu Reeves,Michael Nyqvist,Alfie Allen,Adrianne Palicki",David Leitch
125,"Crouching Tiger, Hidden Dragon",2001,97%,"The movie that catapulted Ang Lee into the ranks of upper echelon Hollywood filmmakers, Crouching Tiger, Hidden Dragon features a deft mix of amazing martial arts battles, beautiful scenery, and tasteful drama.","Yun-Fat Chow,Michelle Yeoh,Ziyi Zhang,Chen Chang",Ang Lee
126,Predator,1987,81%,"Predator: Part sci-fi, part horror, part action -- all muscle.","Boyd Holbrook,Trevante Rhodes,Jacob Tremblay,Keegan-Michael Key",Shane Black
127,The Bourne Ultimatum,2007,92%,"The Bourne Ultimatum is an intelligent, finely tuned non-stop thrill ride. Another strong performance from Matt Damon and sharp camerawork from Paul Greengrass make this the finest installment of the Bourne trilogy.","Matt Damon,Julia Stiles,David Strathairn,Scott Glenn",Paul Greengrass
128,Total Recall,1990,82%,"Under Paul Verhoeven's frenetic direction, Total Recall is a fast-paced rush of violence, gore, and humor that never slacks.","Arnold Schwarzenegger,Rachel Ticotin,Sharon Stone,Ronny Cox",Paul Verhoeven
129,Mad Max 2: The Road Warrior,1982,93%,"The Road Warrior is everything a bigger-budgeted Mad Max sequel with should be: bigger, faster, louder, but definitely not dumber.","Mel Gibson,Bruce Spence,Vernon Wells,Emil Minty",George Miller
130,Heat,1995,87%,"Though Al Pacino and Robert De Niro share but a handful of screen minutes together, Heat is an engrossing crime drama that draws compelling performances from its stars -- and confirms Michael Mann's mastery of the genre.","Al Pacino,Robert De Niro,Val Kilmer,Jon Voight",Michael Mann
131,The Raid: Redemption,2012,86%,"No frills and all thrills, The Raid: Redemption is an inventive action film expertly paced and edited for maximum entertainment.","Iko Uwais,Joe Taslim,Doni Alamsyah,Yahan Ruhian",Gareth Evans
132,Mission: Impossible - Fallout,2018,97%,"Fast, sleek, and fun, Mission: Impossible - Fallout lives up to the ""impossible"" part of its name by setting yet another high mark for insane set pieces in a franchise full of them.","Tom Cruise,Henry Cavill,Ving Rhames,Simon Pegg",Christopher McQuarrie
133,Raiders of the Lost Ark,1981,95%,"Featuring bravura set pieces, sly humor, and white-knuckle action, Raiders of the Lost Ark is one of the most consummately entertaining adventure pictures of all time.","Harrison Ford,Karen Allen,Paul Freeman,Wolf Kahler",Steven Spielberg
134,Aliens,1986,97%,"While Alien was a marvel of slow-building, atmospheric tension, Aliens packs a much more visceral punch, and features a typically strong performance from Sigourney Weaver.","Sigourney Weaver,Carrie Henn,Michael Biehn,Paul Reiser",James Cameron
135,Lat sau san taam (Hard-Boiled),1992,94%,"Boasting impactful action as well as surprising emotional resonance, Hard Boiled is a powerful thriller that hits hard in more ways than one.","Yun-Fat Chow,Tony Leung Chiu Wai,Anthony Wong,Teresa Mo",John Woo
136,The Matrix,1999,88%,"Thanks to the Wachowskis' imaginative vision, The Matrix is a smartly crafted combination of spectacular action and groundbreaking special effects.","Keanu Reeves,Laurence Fishburne,Carrie-Anne Moss,Joe Pantoliano",Lilly Wachowski
137,Terminator 2: Judgment Day,1991,93%,"T2 features thrilling action sequences and eye-popping visual effects, but what takes this sci-fi/ action landmark to the next level is the depth of the human (and cyborg) characters.","Arnold Schwarzenegger,Linda Hamilton,Edward Furlong,Robert Patrick",James Cameron
138,Die Hard,1988,94%,Its many imitators (and sequels) have never come close to matching the taut thrills of the definitive holiday action classic.,"Bruce Willis,Alan Rickman,Reginald VelJohnson,Bonnie Bedelia",John McTiernan
139,Mad Max: Fury Road,2015,97%,"With exhilarating action and a surprising amount of narrative heft, Mad Max: Fury Road brings George Miller's post-apocalyptic franchise roaring vigorously back to life.","Tom Hardy,Charlize Theron,Nicholas Hoult,Rosie Huntington-Whiteley",George Miller
